Region,Typhoon,Year,Barangays_Affected,Families_Affected,Persons_Affected,ECs,CUM_In_Families,CUM_In_Persons,CUM_Out_Families,CUM_Out_Persons,Total_Displaced_Families,Total_Displaced_Persons,Damaged_Houses,Totally_Damaged_Houses,Partially_Damaged_Houses,DSWD_Assist,LGU_Assist,DOH_Assist,NGO_Other_Assist,Total_Assist,Persons_Dead,Persons_Missing,Persons_Injured,Notes
I,Sendong,2011,,,,,,,,,,,,,,,,,,,,,,
II,Sendong,2011,,,,,,,,,,,,,,,,,,,,,,
III,Sendong,2011,,,,,,,,,,,,,,,,,,,,,,
IV-A,Sendong,2011,,,,,,,,,,,,,,,,,,,,,,
IV-B,Sendong,2011,,,,,,,,,,,,,,,,,,,,,,
V,Sendong,2011,,,,,,,,,,,,,,,,,,,2.0,,,
VI,Sendong,2011,15.0,16631.0,82556.0,8.0,775.0,3875.0,14040.0,69675.0,14815.0,73550.0,,,,,,,,,,,,
VII,Sendong,2011,126.0,75335.0,921616.0,46.0,4790.0,22065.0,50940.0,284855.0,55730.0,306920.0,,,,,,,,,39.0,,,
VIII,Sendong,2011,,,,,,,,,,,,,,,,,,,,,,
IX,Sendong,2011,15.0,1290.0,4947.0,0.0,0.0,0.0,0.0,0.0,,,,,,,,,,,11.0,,,
X,Sendong,2011,233.0,75896.0,578451.0,32.0,3155.0,13481.0,36603.0,215934.0,39758.0,229415.0,,,,,,,,,1206.0,,,
XI,Sendong,2011,14.0,1016.0,5080.0,1.0,30.0,150.0,272.0,1360.0,302.0,1510.0,,,,,,,,,5.0,,,
XII,Sendong,2011,29.0,3552.0,14648.0,,,,,,,,,,,,,,,,,,,
CARAGA,Sendong,2011,29.0,3552.0,14648.0,0.0,979.0,4895.0,,,,,,,,,,,,,1.0,,,
ARMM,Sendong,2011,419.0,27432.0,139879.0,0.0,0.0,0.0,15679.0,80237.0,,,,,,,,,,,4.0,,,
NCR,Pablo,2012,,,,,,,,,,,,,,,,,,,,,,
I,Pablo,2012,,,,,,,,,,,4.0,2.0,2.0,,,,,,,,,
II,Pablo,2012,,,,,,,,,,,,,,,,,,,,,,
III,Pablo,2012,,,,,,,,,,,,,,,,,,,,,,
IV-A,Pablo,2012,,,,,,,,,,,,,,,,374735.0,,374375.0,,,,
IV-B,Pablo,2012,40.0,1242.0,6060.0,0.0,,,,,,,,875.0,424.0,88250.0,83500.0,1350295.0,,1522045.0,3.0,,7.0,
V,Pablo,2012,,,,,,,,,,,,,,,,285000.0,,285000.0,,,,
VI,Pablo,2012,70.0,2402.0,8462.0,0.0,,,,,,,,75.0,603.0,12185.0,2363520.0,250000.0,,2624705.0,1.0,,,
VII,Pablo,2012,283.0,18861.0,90442.0,1.0,1.0,5.0,1185.0,4531.0,,,,1141.0,8289.0,1854182.0,540048.0,400000.0,751971.0,3546201.0,10.0,17.0,,
VIII,Pablo,2012,32.0,1356.0,5884.0,,,,,,,,,,,,,,,,3.0,3.0,,
IX,Pablo,2012,24.0,957.0,3572.0,,,,,,,,,,,,,,,,1.0,,,
X,Pablo,2012,588.0,116017.0,523194.0,4.0,210.0,985.0,,,,,,1775.0,11127.0,,,,,,15.0,46.0,,
XI,Pablo,2012,839.0,415565.0,4846450.0,82.0,2800.0,12950.0,116350.0,820415.0,,,,60956.0,67821.0,,,,,,1007.0,2528.0,524.0,
XII,Pablo,2012,62.0,12674.0,62818.0,,,,,,,,,3.0,10.0,,,,,,8.0,,303.0,
CARAGA,Pablo,2012,429.0,92558.0,446494.0,0.0,,,,,,,,24583.0,38507.0,,,,,,19.0,69.0,,
ARMM,Pablo,2012,697.0,50050.0,250622.0,,,,,,,,,256.0,368.0,,,,,,,4.0,,
NCR,Yolanda,2013,,,,,,,,,,,,,,,,,,,,,,Relief aid data not included in original NDRRMC reports.
I,Yolanda,2013,,,,,,,,,,,,,,,,,,,,,,
II,Yolanda,2013,,,,,,,,,,,,,,,,,,,,,,
III,Yolanda,2013,,,,,,,,,,,,,,,,,,,,,,
IV-A,Yolanda,2013,168.0,5935.0,27076.0,12.0,174.0,573.0,63.0,315.0,,,840.0,34.0,806.0,,,,,,3.0,,4.0,
IV-B,Yolanda,2013,793.0,101006.0,466120.0,32.0,710.0,2482.0,831.0,2185.0,,,33813.0,11611.0,22202.0,,,,,,19.0,24.0,61.0,
V,Yolanda,2013,1229.0,150889.0,692020.0,0.0,,,,,,,12412.0,2088.0,10324.0,,,,,,6.0,,21.0,
VI,Yolanda,2013,3176.0,840557.0,3873028.0,459.0,34290.0,161342.0,575269.0,2686135.0,,,482349.0,229326.0,253023.0,,,,,,294.0,28.0,2057.0,
VII,Yolanda,2013,2136.0,1299436.0,5909955.0,172.0,4019.0,18840.0,113636.0,516350.0,,,111319.0,62840.0,48479.0,,,,,,74.0,5.0,348.0,
VIII,Yolanda,2013,4387.0,1006718.0,5015434.0,1009.0,51774.0,246776.0,312215.0,1495369.0,,,492856.0,244550.0,248306.0,,,,,,5902.0,1005.0,26186.0,
IX,Yolanda,2013,,,,,,,,,,,,,,,,,,,1.0,,1.0,Regions IX was not included in official Yolanda reports — likely due to minimal or no reported impact
X,Yolanda,2013,26.0,4253.0,19592.0,0.0,,,,,,,20.0,2.0,18.0,,,,,,,,,
XI,Yolanda,2013,19.0,1000.0,5000.0,0.0,,,,,,,19.0,11.0,8.0,,,,,,,,,
XII,Yolanda,2013,,,,,,,,,,,,,,,,,,,,,,Regions XII was not included in official Yolanda reports — likely due to minimal or no reported impact
CARAGA,Yolanda,2013,205.0,14799.0,69956.0,3.0,5.0,28.0,,,,,6704.0,466.0,6238.0,,,,,,1.0,,,
NCR,Rolly,2020,72.0,4971.0,20446.0,121.0,207810.0,814601.0,25.0,,,,35.0,,35.0,3995676.0,,,,3995676.0,,,,
I,Rolly,2020,,,,,,,,,,,,,,,,,,,,,,
II,Rolly,2020,36.0,241.0,861.0,31.0,178.0,640.0,40.0,155.0,218.0,795.0,,,,750.0,,,,750.0,,,,
III,Rolly,2020,442.0,71849.0,303003.0,542.0,11196.0,42879.0,2886.0,12633.0,14082.0,55512.0,,,,2887665.0,7334132.0,,41170.0,10262967.0,,,,
IV-A,Rolly,2020,2066.0,133161.0,497576.0,2888.0,88489.0,334380.0,44487.0,166716.0,132976.0,501096.0,24483.0,1880.0,22603.0,4895900.0,1562183.0,,,6458083.0,,,,
IV-B,Rolly,2020,558.0,31267.0,117206.0,482.0,12817.0,50200.0,,,,,804.0,93.0,711.0,549450.0,37000.0,,,6458083.0,,,,
V,Rolly,2020,2805.0,561916.0,2411850.0,3541.0,90155.0,366037.0,63818.0,255984.0,153973.0,622021.0,367283.0,67180.0,300103.0,41576906.0,4249119.0,33839000.0,,79665025.0,,,,
VI,Rolly,2020,,,,482.0,,,,,,,,,,,,,,,,,,
VII,Rolly,2020,,,,,,,,,,,,,,,,,,,,,,
VIII,Rolly,2020,1.0,40.0,200.0,,,,,,,,,,,,,,,,,,,
IX,Rolly,2020,,,,,,,,,,,,,,,,,,,,,,
X,Rolly,2020,,,,,,,,,,,,,,,,,,,,,,
XI,Rolly,2020,,,,,,,,,,,,,,,,,,,,,,
XII,Rolly,2020,,,,,,,,,,,,,,,,,,,,,,
CARAGA,Rolly,2020,,,,3.0,4.0,19.0,12.0,41.0,,,2.0,0.0,2.0,,69766.0,,,69766.0,,,,
NCR,Ulysses,2020,188.0,13131.0,54195.0,258.0,13131.0,54195.0,,,,,31.0,31.0,0.0,15245625.0,,,,15245625.0,,,,
I,Ulysses,2020,311.0,22023.0,107.0,42.0,381.0,1614.0,122.0,500.0,,,2959.0,119.0,2840.0,663000.0,555948.0,,18750.0,1237698.0,,,,
II,Ulysses,2020,1174.0,259977.0,920440.0,535.0,11387.0,38621.0,63817.0,227940.0,,,1482.0,342.0,1140.0,61901155.0,7416673.0,,2671910.0,71989738.0,,,,
III,Ulysses,2020,1955.0,540236.0,2335093.0,1088.0,27355.0,107008.0,26732.0,102262.0,,,79272.0,8615.0,70657.0,36393685.0,37070432.0,,618682.0,74082799.0,,,,
IV-A,Ulysses,2020,1690.0,150725.0,634342.0,2293.0,60745.0,239079.0,89844.0,394782.0,,,30390.0,4353.0,26037.0,42920353.0,60151099.0,,7425000.0,110496452.0,,,,
IV-B,Ulysses,2020,90.0,2255.0,8683.0,109.0,2120.0,8177.0,135.0,506.0,,,,,,,,,,,,,,
V,Ulysses,2020,1656.0,278090.0,1138321.0,2410.0,62617.0,243983.0,36623.0,137189.0,,,64632.0,8433.0,56199.0,18519607.0,107500.0,,,18627107.0,,,,
VI,Ulysses,2020,,,,,,,,,,,,,,,,,,,,,,
VII,Ulysses,2020,,,,,,,,,,,,,,,,,,,,,,
VIII,Ulysses,2020,,,,,,,,,,,,,,,,,,,,,,
IX,Ulysses,2020,,,,,,,,,,,,,,,,,,,,,,
X,Ulysses,2020,,,,,,,,,,,,,,,,,,,,,,
XI,Ulysses,2020,,,,,,,,,,,,,,,,,,,,,,
XII,Ulysses,2020,,,,,,,,,,,,,,,,,,,,,,
CARAGA,Ulysses,2020,223.0,1733.0,7032.0,25.0,159.0,544.0,919.0,3517.0,,,916.0,51.0,865.0,1133889.0,536433.0,,90394.0,1760717.0,,,,
NCR,Odette,2021,,,,,,,,,,,,,,,,,,,,,,
I,Odette,2021,,,,,,,,,,,,,,,,,,,,,,
II,Odette,2021,,,,,,,,,,,,,,,,,,,,,,
III,Odette,2021,,,,,,,,,,,,,,,,,,,,,,
IV-A,Odette,2021,333.0,117681.0,387853.0,623.0,54563.0,235127.0,9443.0,34654.0,64006.0,269781.0,89838.0,15479.0,74359.0,71990673.0,1527084323.0,,435288716.0,394868100.0,,,,
IV-B,Odette,2021,,,,,,,,,,,,,,,,,,,,,,
V,Odette,2021,39.0,1397.0,4337.0,38.0,1397.0,4337.0,,,1397.0,4337.0,,,,,,,,,,,,
VI,Odette,2021,3694.0,736252.0,2855065.0,3935.0,107787.0,413284.0,217120.0,892846.0,324907.0,1306130.0,442841.0,50183.0,392028.0,233191844.0,80180189.0,,6865007.0,320237040.0,,,,
VII,Odette,2021,2971.0,1573611.0,5807633.0,3462.0,149360.0,553338.0,169775.0,667557.0,319135.0,1220895.0,1227805.0,234979.0,992826.0,666479776.0,1171226700.0,,159409202.0,1997115680.0,,,,
VIII,Odette,2021,1572.0,338727.0,1285170.0,1123.0,40533.0,155335.0,8303.0,32780.0,48836.0,188115.0,198066.0,42205.0,155861.0,172004428.0,127504.0,,,172131932.0,,,,
IX,Odette,2021,40.0,1510.0,7839.0,,,,,,,,239.0,136.0,103.0,,,,,,,,,
X,Odette,2021,454.0,41506.0,154020.0,429.0,28606.0,113904.0,526.0,1830.0,29132.0,115734.0,7856.0,792.0,7064.0,36465637.0,4263550.0,,19140.0,40748327.0,,,,
XI,Odette,2021,5.0,422.0,1283.0,10.0,295.0,848.0,,,295.0,848.0,2.0,2.0,,593750.0,88500.0,,,299547.0,,,,
XII,Odette,2021,1.0,2106.0,8884.0,1.0,669.0,3096.0,,,669.0,3096.0,,,,,299547.0,,,299547.0,,,,
CARAGA,Odette,2021,1100.0,405518.0,1532177.0,2173.0,141398.0,551182.0,62027.0,252208.0,203425.0,803390.0,176453.0,57080.0,119373.0,487523914.0,148844740.0,,116048114.0,752416769.0,,,,
